IPv4,Domain
1.14.66.160,mywibes.top
82.117.255.144,vds1438675.hosted-by-itldc.com
16.78.93.240,internal-asuransiastra.com
64.176.49.158,ec2-16-78-93-240.ap-southeast-3.compute.amazonaws.com
43.100.18.178,64.176.49.158.vultrusercontent.com
142.11.227.195,ojetsmaster.com
18.162.82.100,hwsrv-1268728.hostwindsdns.com
43.160.194.165,ec2-18-162-82-100.ap-east-1.compute.amazonaws.com
47.243.107.63,gstatin.com
43.100.27.141,www.whatmyip.shop
104.168.159.60,fcakbook.top
144.172.94.164,hwsrv-1287849.hostwindsdns.com
198.44.186.73,164.94.172.144.static.cloudzy.com
34.80.78.79,79.78.80.34.bc.googleusercontent.com
210.56.48.17,ref.wpk1.club
51.79.207.53,vps-e8621d8c.vps.ovh.ca
35.241.97.145,145.97.241.35.bc.googleusercontent.com
165.154.230.180,pakistancode.com
4.210.87.233,offsec-lab.site
104.168.253.136,addes.top
4.233.108.232,hwsrv-1251039.hostwindsdns.com
52.199.160.140,thisisserious.fr
3.125.51.215,www.cchealthwv.com
210.34.80.112,ec2-52-199-160-140.ap-northeast-1.compute.amazonaws.com
192.236.199.37,ec2-3-125-51-215.eu-central-1.compute.amazonaws.com
67.230.160.58,fafu.edu.cn
45.76.171.170,hwsrv-1248650.hostwindsdns.com
23.254.202.110,67.230.160.58.16clouds.com
43.100.27.142,cusamost.com
45.83.141.38,45.76.171.170.vultrusercontent.com
45.67.230.190,baiduapp.work
52.70.23.163,hwsrv-1288578.hostwindsdns.com
45.67.230.220,hag888.com
4.198.144.209,dt5202-1728481764256.com
60.204.234.200,dlreads.com
94.131.121.7,www.dlreads.com
4.178.189.93,buildingintellectual.com
109.248.161.123,johnnyharrisstudio.com
110.42.45.117,ec2-52-70-23-163.compute-1.amazonaws.com
46.246.96.215,cachedjs.strangled.net
104.168.134.112,brandnames.com
110.42.45.141,vvindow.top
43.143.130.229,ecs-60-204-234-200.compute.hwclouds-dns.com
185.159.128.117,mscedc.top
120.53.143.251,cuteclothesforman.com
146.190.85.106,automotive-chemical.com
3.65.35.171,yourfxadviser.finance
209.17.118.74,pnlubuntu.com
112.124.12.79,cloud1961021.xyz
47.86.98.10,46-246-96-215.static.glesys.net
47.238.244.123,sanpchar.com
107.173.51.65,adldas.top
8.217.254.2,hwsrv-1236709.hostwindsdns.com
192.253.231.230,eff.letsencrypt.one
143.198.223.4,www.eff.letsencrypt.one
143.110.159.73,ec2-3-65-35-171.eu-central-1.compute.amazonaws.com
91.84.111.219,kkb3388.net
8.217.196.192,linecloudnet.com
193.24.211.238,microsoftwindows.cloud
151.236.22.137,107-173-51-65-host.colocrossing.com
165.227.163.243,odootech.mn
3.255.173.2,tomyo.odootech.mn
3.27.191.92,hr-industrie.com
20.188.6.28,sso-disney.com
47.237.202.96,sso-id.net
192.3.173.102,cdn-npm.com
60.204.234.238,cdn-videymp4.com
34.244.7.74,cdn-videyss.com
72.144.27.229,support-panaia.com
142.93.139.164,help-desk-customer.com
157.230.20.98,help-extranetbooking.com
45.227.253.10,help-ntf-teamalert.com
88.214.50.2,black-dog-hr.com
14.253.149.9,docusign-hr.com
41.82.44.94,newdesign-hr.com
47.245.118.83,nexsurge-hr.com
103.171.85.186,bambang-sso.com
43.100.56.217,tha-sso.com
149.7.217.27,empire-cdn.com
160.22.195.10,xiaomi-cdn.com
60.208.86.66,icbc-support.com
117.72.207.80,iphones-support.com
161.35.176.84,optic-support.com
154.210.129.206,saas-help.com
147.45.178.46,team-ntf-help.com
193.32.162.97,hr-beratung-bonn.com
178.62.104.32,hr-heepsy.com
217.88.115.164,hr-luana.com
46.172.213.97,hr-peak.com
94.19.104.188,hr-tactibit.com
182.215.66.232,sso-munki.com
8.220.245.115,cdn-enterprise.com
102.210.80.6,cdn-htv.com
8.213.197.49,support-advertisiescontravention.com
185.213.174.209,support-offices.com
54.37.10.124,support-paypal.com
185.93.89.118,support-sverige.com
160.191.3.141,help-call.com
180.232.37.182,help-o.com
14.29.99.183,coordi-hr.com
80.94.95.15,if-hr.com
209.38.228.147,matan-hr.com
206.189.62.213,motproduction-hr.com
190.156.238.162,murphy-hr.com
193.32.162.90,sagi-hr.com
49.247.35.31,xjuzb-hr.com
112.96.213.80,microcms-dev-sso.com
92.222.10.43,tha-sso.net
196.251.84.225,alipc-cdn.com
51.68.137.240,getcookiecruncher-cdn.com
112.187.179.183,httpgetcookiecruncher-cdn.com
45.116.79.186,scalr-cdn.com
200.46.125.168,ai-audit-support.com
155.4.244.169,akimoto-support.com
189.7.17.61,arbitjet-support.com
104.244.74.84,bingx-support.com
23.133.6.38,findmydevice-support.com
103.23.199.49,fm-ssw-support.com
120.71.2.187,forensicrisk-support.com
14.161.29.253,kicho-support.com
20.81.133.9,standing-order-cancel-web-support.com
27.112.78.77,takanori-support.com
161.35.129.160,tax-office-support.com
36.26.72.149,cri-help.com
43.155.248.246,gmail-help.com
195.82.146.151,nu-help.com
195.158.4.216,pro-assignment-help.com
110.49.30.83,rbc-help.com
113.90.141.147,rush-help.com
88.147.30.59,sultan-help.com
104.167.222.226,hr-bfx.com
68.183.1.178,hr-cignex.com
91.218.66.85,hr-creathinksolutions.com
34.58.124.191,hr-salesforce.com
57.128.191.82,hr-sst.com
87.201.127.149,sso-icloud.com
123.59.135.110,sso-mailchimp.com
14.103.172.13,support-advertisiestrespass.com
14.103.105.40,support-center-binance.com
92.118.39.66,support-hakajimai.com
187.137.96.123,support-returnassets.com
165.140.237.71,support-service-ppl.com
14.103.170.157,support-support.com
92.118.39.57,support-tokyo.com
14.103.21.179,help-explorer.com
176.226.254.27,help-with-your.com
8.221.108.76,b-hr.com
123.59.50.202,cth-hr.com
93.123.16.63,dreamwork-hr.com
125.18.49.130,eye-hr.com
209.97.182.13,k-hr.com
146.190.171.209,necoconsulting-hr.com
59.68.63.123,nt-hr.com
64.227.158.157,flawless-cdn.com
104.244.77.50,mep-cdn.net
217.114.3.181,athlete-mental-support.com
160.191.3.86,backpack-support.com
80.94.95.112,bvb-support.com
211.95.135.58,claimeazy-support.com
190.171.189.85,cybertrace-support.com
129.226.177.17,dbms-support.com
124.156.152.46,keystone-support.com
45.32.116.171,lube-support.com
47.98.97.159,sight-support.com
43.135.88.242,urgent-support.com
193.124.33.172,centra-link-support.net
129.226.210.240,fix-centra-link-support.net
124.70.142.36,blockchair-help.com
81.70.158.144,assignments-help.net
74.48.75.59,ecs-159-138-43-35.compute.hwclouds-dns.com
8.130.119.171,207-2-122-10.hostedby.layer.ae
89.23.113.140,test.msupdate-cdn.nl
147.45.116.128,sophos-telemetry.com
189.1.223.179,hostedby.privatelayer.com
89.248.165.43,onedrivepreview.com
194.113.106.51,www.onedrivepreview.com
34.201.143.14,api.cloud-oracle.net
117.72.35.238,vm4036196.stark-industries.solutions
20.40.96.85,gchq-github.com
18.159.106.50,api.cloudfare.org
23.27.48.113,msnfeedback.com
101.42.5.244,www.msnfeedback.com
107.173.214.76,ecosse.shalo.ca
113.44.39.1,mail6.contabilidad-correo.in
116.205.180.52,update-gitlab.com
154.12.86.154,www.msntelemetry.com
115.233.60.197,bluegreencube.net
165.154.13.228,msntelemetry.com
207.246.97.65,ec2-16-62-190-9.eu-central-2.compute.amazonaws.com
198.12.121.86,ec2-13-59-50-223.us-east-2.compute.amazonaws.com
108.61.217.40,tier1.medical-image.com
101.132.142.56,www.trellixupdate.com
110.166.87.119,trellixupdate.com
151.252.84.225,foodlinker.com
80.94.95.116,ec2-3-208-93-169.compute-1.amazonaws.com
80.94.95.112,python.myicfi.org
180.76.139.209,sso-manager.com
24.225.196.46,sso-vpn.com
187.137.198.19,cdn-mauslot.com
80.94.95.15,support-advertisieirregularity.com
164.132.56.147,support-cnapichanger.com
223.240.69.191,support-lakigamings.com
185.156.73.233,support-market.com
101.126.143.173,support-money.com
123.253.22.53,support-page-coinbase.com
104.244.77.50,support-page-coinbase2.com
223.197.186.7,support-rgs.com
106.227.69.201,support-sakusaku.com
51.68.137.240,support-samsungdrivers.com
42.123.127.148,support-webapp.com
185.156.73.234,help-ftverr.com
114.219.56.122,help-poshmark.com
103.246.240.30,copado-hr.com
193.32.162.134,sce-okta.com
14.161.29.253,fs-cdn.com
165.140.237.71,apps-cdn.net
107.189.11.181,acp-support.com
195.82.146.151,apichanger-support.com
175.152.140.187,blockchain-finance-support.com
43.242.247.141,dlsney-plus-support.com
92.118.39.66,get-tech-support.com
193.32.162.89,goodmoney-support.com
113.90.141.147,kyoei-kosodate-support.com
165.154.20.207,linkbeauty-support.com
106.36.198.78,mig-support.com
182.43.243.254,morganlewis-support.com
134.209.103.135,passwordreset-support.com
14.29.172.191,ccg-help.com
23.133.6.38,lloydsbank-help.com
8.217.43.77,rbcbusiness-help.com
2.99.212.192,supports-help.com
92.27.157.252,tax-relief-help.com
147.182.194.88,unicef-help.com
43.255.107.181,videoediting-help.com
193.32.162.90,msdegeup.com
47.86.36.165,uncrate.com
179.32.26.211,ec2-44-231-114-196.us-west-2.compute.amazonaws.com
158.51.124.56,accesserdsc.com
45.116.79.186,cgpaycenter.com
206.172.46.162,108.61.182.238.vultrusercontent.com
125.18.49.130,ec2-35-81-156-253.us-west-2.compute.amazonaws.com
94.102.4.12,meitianhq.us.kg
14.103.127.231,static.104.60.78.5.clients.your-server.de
117.72.207.80,sallma.ir
27.100.38.7,71.46.87.34.bc.googleusercontent.com
79.26.125.75,okbaby.live
159.223.11.102,al1trust.com
178.62.104.32,alliyun.shop
57.128.173.133,webhook.s3-azure.com
161.132.43.198,caxen.eu.org
14.195.83.210,cisqa.i3verticals.cloud
14.103.127.3,ec2-44-207-236-7.compute-1.amazonaws.com
193.32.162.157,lcd.im
192.210.135.20,22-219-166-108-dedicated.multacom.com
198.58.117.164,umbriachannel.site
212.227.155.143,chatgpt-cdn.com
23.176.184.113,mincrosoft.com.cn
211.95.135.58,mdstech.com.tw
118.69.182.236,207.148.92.118.vultrusercontent.com
103.30.41.231,su57.xyz
24.77.210.123,hwsrv-1159926.hostwindsdns.com
60.188.59.200,wefkajdsff.xyz
157.230.105.227,84.254.178.107.bc.googleusercontent.com
115.190.21.238,gitbookes.com
104.248.35.120,ec2-52-33-199-95.us-west-2.compute.amazonaws.com
111.42.133.43,ec2-52-20-2-66.compute-1.amazonaws.com
103.145.145.74,ms-tray.top
80.94.95.115,vozaspecial.com
202.39.251.216,sissy.game
185.158.94.217,xraycdn.com
124.220.205.147,ec2-52-37-224-200.us-west-2.compute.amazonaws.com
103.140.154.238,ec2-34-192-18-130.compute-1.amazonaws.com
159.138.43.35,ogstest.i3verticals.cloud
45.152.86.74,dichvubiendong.com
159.203.2.140,45.32.38.174.vultrusercontent.com
207.2.122.10,ec2-44-235-76-140.us-west-2.compute.amazonaws.com
103.153.141.147,ec2-13-213-179-72.ap-southeast-1.compute.amazonaws.com
211.198.9.73,xabx.info
110.166.87.119,api.vnaillslivns.shop
176.28.14.206,ec2-100-26-80-176.compute-1.amazonaws.com
168.228.4.117,windowsmicrosoft.us
128.199.33.46,141.164.43.226.vultrusercontent.com
206.189.21.164,ec2-34-210-116-192.us-west-2.compute.amazonaws.com
14.103.173.254,ec2-34-218-65-147.us-west-2.compute.amazonaws.com
187.137.198.19,beta-blaze.com
66.228.50.146,105.13.90.77.hostbrr.com
101.126.14.37,mg-island.com
93.113.63.124,ethiotelecom.it.com
182.44.72.96,ec2-35-165-84-64.us-west-2.compute.amazonaws.com
185.248.143.219,19961223.xyz
14.55.144.22,192-3-86-49-host.colocrossing.com
51.79.165.204,visualstudio-cdn.com
34.84.140.165,centos-yum.net
14.103.117.142,45.76.162.211.vultrusercontent.com
125.213.128.169,localhost.localdomain
189.7.193.22,latterme.com
107.175.197.29,141-164-58-210.ip-ddns.com
159.223.11.102,ec2-34-212-151-138.us-west-2.compute.amazonaws.com
192.227.248.232,mywibes.top
198.38.88.182,vds1438675.hosted-by-itldc.com
36.91.166.34,89.84.172.144.static.cloudzy.com
14.161.29.253,managingtimes.com
80.94.95.112,teamcolors.xyz
87.240.15.231,mail6.phloi.com
197.199.224.52,windowstimes.me
57.128.173.133,ec2-18-213-196-78.compute-1.amazonaws.com
112.187.179.183,yhycslsgmscb.uk
170.64.232.153,144.34.165.185.16clouds.com
185.156.73.233,backendadserver.com
118.200.94.176,ec2-54-83-199-224.compute-1.amazonaws.com
170.64.171.66,ec2-54-213-72-87.us-west-2.compute.amazonaws.com
157.245.227.101,centosonline.top
195.82.146.151,see.too.totallysafe.io
125.72.54.155,ec2-52-41-26-127.us-west-2.compute.amazonaws.com
101.126.90.24,mail2.jianshenbar.com
101.226.180.6,yqqxjb.top
27.254.235.12,javascriptsynctime.com
14.103.123.8,34.151.194.104.static.cloudzy.com
80.94.95.15,outlook.microsoftsmail.com
117.72.40.36,vm1876660.stark-industries.solutions
203.196.8.245,ec2-35-83-62-186.us-west-2.compute.amazonaws.com
45.116.77.74,ec2-54-190-70-194.us-west-2.compute.amazonaws.com
186.10.86.130,140.82.18.48.vultrusercontent.com
182.92.142.76,cloudflaretechnology.com
222.105.183.150,catonline.top
101.126.92.215,ec2-52-205-76-75.compute-1.amazonaws.com
186.121.205.29,cisdev.i3verticals.cloud
112.46.193.254,cloudserverconsole.com
111.53.87.28,momdata.org
147.182.194.88,xxxxtest.site
161.35.191.111,107-172-139-160-host.colocrossing.com
64.227.174.243,data-launch.info
222.107.156.227,ec2-34-208-253-206.us-west-2.compute.amazonaws.com
106.38.195.164,ec2-52-42-20-24.us-west-2.compute.amazonaws.com
106.36.198.78,ec2-54-200-47-15.us-west-2.compute.amazonaws.com
152.32.129.136,857891.xyz
122.54.18.220,ec2-44-240-48-217.us-west-2.compute.amazonaws.com
69.117.185.250,leasewebless.com
147.28.184.4,gotobbq2024.top
68.183.87.241,192-3-98-27-host.colocrossing.com
196.251.90.3,ip85.215.179.203.pbiaas.com
14.103.112.122,silenthost.shop
117.72.207.80,mailz1.v-btlcz.top
121.229.56.202,softwareservices.top
209.14.87.37,80.228.92.34.bc.googleusercontent.com
103.215.80.141,cakho123.xyz
64.23.178.20,180.80.86.172.static.cloudzy.com
80.249.146.240,ccupdatetime.com
193.151.133.122,ghaznip.com
80.249.148.83,microsofts-upgrade.com
14.103.173.90,ec2-52-35-60-48.us-west-2.compute.amazonaws.com
175.4.55.185,ec2-3-73-216-132.eu-central-1.compute.amazonaws.com
14.99.67.6,eaternity.ch
14.29.198.130,251.31.241.35.bc.googleusercontent.com
104.244.77.50,77.93.86.172.static.cloudzy.com
216.9.226.107,synccodetime.com
198.54.112.243,static.187.193.245.188.clients.your-server.de
14.103.25.86,alphawolf.ir
80.94.95.115,theasiagroupai.com
5.182.33.179,window.hair
183.56.232.162,ec2-52-1-47-73.compute-1.amazonaws.com
185.93.89.118,ogsqual.i3verticals.cloud
80.94.95.116,selgros-cdn.com
189.7.17.61,95.104.20.157.sg.kuroit.com
68.183.102.75,ec2-18-208-17-202.compute-1.amazonaws.com
168.228.4.116,ec2-35-163-40-58.us-west-2.compute.amazonaws.com
46.101.35.215,ec2-44-225-115-234.us-west-2.compute.amazonaws.com
164.177.31.66,ec2-52-24-130-4.us-west-2.compute.amazonaws.com
68.183.20.84,ec2-35-81-62-147.us-west-2.compute.amazonaws.com
168.228.4.118,fubon.shop
220.181.172.244,ipv6ipts.com
8.221.108.76,ec2-50-16-2-216.compute-1.amazonaws.com
165.232.189.57,ec2-44-195-99-56.compute-1.amazonaws.com
103.23.198.86,ec2-52-43-183-251.us-west-2.compute.amazonaws.com
103.127.220.214,ec2-44-229-4-226.us-west-2.compute.amazonaws.com
138.197.215.211,ec2-3-70-120-62.eu-central-1.compute.amazonaws.com
138.197.117.59,uzmahometest.de
221.159.21.170,ec2-34-210-3-0.us-west-2.compute.amazonaws.com
168.228.4.119,ec2-52-42-6-27.us-west-2.compute.amazonaws.com
81.45.181.135,ec2-35-80-100-41.us-west-2.compute.amazonaws.com
181.188.159.138,ec2-34-214-193-139.us-west-2.compute.amazonaws.com
137.184.170.183,ec2-44-208-64-67.compute-1.amazonaws.com
157.230.105.227,ecs-123-249-20-20.compute.hwclouds-dns.com
103.86.180.10,eztest.site
185.156.73.234,s12035.vps.hosting
159.223.221.74,ec2-54-69-144-244.us-west-2.compute.amazonaws.com
13.89.225.15,ec2-35-80-198-211.us-west-2.compute.amazonaws.com
64.225.72.116,ec2-34-210-119-93.us-west-2.compute.amazonaws.com
152.42.142.116,ec2-35-83-83-115.us-west-2.compute.amazonaws.com
179.43.148.221,carophi.info
38.180.159.137,239.77.92.34.bc.googleusercontent.com
161.35.83.216,ec2-54-200-42-77.us-west-2.compute.amazonaws.com
38.180.232.152,ec2-34-208-109-179.us-west-2.compute.amazonaws.com
178.62.245.228,cruset.becausalem.us
45.89.196.194,knowledgeworker.life
57.129.31.214,cbd3328.shop
167.172.131.98,212.50.235.165.16clouds.com
164.90.193.132,ec2-52-88-37-198.us-west-2.compute.amazonaws.com
2.58.14.73,addes.top
45.86.162.222,hwsrv-1251039.hostwindsdns.com
212.237.217.159,ec2-54-196-250-49.compute-1.amazonaws.com
185.208.156.230,107-175-115-91-host.colocrossing.com
16.62.190.9,dataspeedcloud.life
172.171.130.40,ec2-35-83-35-164.us-west-2.compute.amazonaws.com
13.59.50.223,xmdc.xyz
3.208.93.169,68chat3.xyz
34.123.246.69,ec2-34-210-185-124.us-west-2.compute.amazonaws.com
185.101.159.204,jg3666.top
194.29.186.225,172-245-145-193-host.colocrossing.com
134.209.171.89,ec2-100-28-49-60.compute-1.amazonaws.com
81.24.12.198,officeclicktorun.com
144.172.105.178,ec2-34-210-240-131.us-west-2.compute.amazonaws.com
141.94.104.82,139-162-113-206.ip.linodeusercontent.com
43.255.158.126,www.every23.com
185.15.244.116,107-172-167-175-host.colocrossing.com
136.228.40.23,taipeinews.life
187.72.219.54,ec2-52-4-228-214.compute-1.amazonaws.com
34.58.16.116,ghostgames.mom
176.96.241.195,ec2-52-36-99-189.us-west-2.compute.amazonaws.com
188.166.25.37,ec2-44-233-128-102.us-west-2.compute.amazonaws.com
77.55.215.17,8axjc.top
52.87.131.126,192-210-162-35-host.colocrossing.com
206.189.56.251,ec2-52-6-115-216.compute-1.amazonaws.com
45.79.2.86,965835.fcdn.one
34.28.218.71,104-168-117-21-host.colocrossing.com
172.105.41.51,kd3.top
141.148.208.171,ec2-54-163-41-41.compute-1.amazonaws.com
15.184.212.216,cloud1961021.xyz
136.144.165.159,198-46-233-24-host.colocrossing.com
35.184.140.77,ecs-110-41-185-80.compute.hwclouds-dns.com
146.190.159.168,api.aabysszg.cyou
129.151.252.237,ec2-54-69-156-98.us-west-2.compute.amazonaws.com
165.227.236.119,ec2-44-242-5-190.us-west-2.compute.amazonaws.com
91.210.57.202,ec2-54-244-72-70.us-west-2.compute.amazonaws.com
16.170.242.137,ec2-52-89-107-144.us-west-2.compute.amazonaws.com
20.104.78.25,ec2-34-214-175-56.us-west-2.compute.amazonaws.com
5.161.48.150,ec2-54-218-96-87.us-west-2.compute.amazonaws.com
201.234.38.193,viewerbot.webcam
3.82.152.138,ec2-3-225-134-74.compute-1.amazonaws.com
47.108.180.6,minhdq.com
145.131.30.136,shopxks.xyz
207.244.234.199,flash-oss.info
34.46.0.79,ec2-3-1-130-145.ap-southeast-1.compute.amazonaws.com
156.67.10.26,coupmgrki.org
103.86.177.53,ec2-54-201-231-51.us-west-2.compute.amazonaws.com
209.74.89.67,ec2-34-208-123-242.us-west-2.compute.amazonaws.com
48.217.21.253,chromesetup.org
198.167.141.60,vm3528328.stark-industries.solutions
34.120.113.25,creativemedia.top
114.215.195.69,ec2-107-20-203-197.compute-1.amazonaws.com
66.70.238.186,80.15.189.107.static.cloudzy.com
91.107.219.127,naxari.ir
64.227.178.226,hr-app-poc.com
47.94.193.73,sso-rai.com
164.52.210.11,cdn-x1.com
51.210.185.30,support-account-binance.com
20.206.128.167,support-elitecoaching.com
164.132.224.193,support-id-mx.com
143.198.189.73,support-needs.com
83.173.113.66,help-4-me.com
185.232.69.81,help-article.com
185.22.196.133,help-lovable.com
185.67.144.27,dlz-hr.com
35.200.198.66,lanjingzb-hr.com
51.159.6.180,miguzb-hr.com
134.65.237.26,oc-hr.com
38.47.80.157,pc-hr.com
34.133.57.164,mythic-cdn.com
217.154.22.69,antritt-support.com
141.95.162.74,cstech-support.com
188.245.206.96,customer-help-microsoft-support.com
141.147.128.137,customer-help-trezor-support.com
172.236.137.60,everymeds-support.com
139.144.176.85,hq-support.com
193.109.69.22,key-trouble-emergency-support.com
45.236.128.172,trezor-help-support.com
20.22.176.201,trezor-helps-support.com
4.237.56.192,truebond-support.com
164.92.254.153,eonline-help.com
172.234.198.96,lovable-help.com
34.45.233.238,0.119.241.35.bc.googleusercontent.com
102.211.120.2,hwsrv-1236709.hostwindsdns.com
45.132.245.253,hwsrv-1288578.hostwindsdns.com
108.141.125.190,ec2-18-118-253-138.us-east-2.compute.amazonaws.com
118.89.113.181,www.upmc-portal.com
213.199.38.61,adldas.top
159.65.114.244,fafu.edu.cn
188.165.39.180,thisisserious.fr
91.121.41.26,hag888.com
203.194.114.8,vps-e8621d8c.vps.ovh.ca
206.189.189.202,mywibes.top
206.189.116.120,vds1438675.hosted-by-itldc.com
51.75.24.14,internal-asuransiastra.com
68.183.103.145,ec2-16-78-93-240.ap-southeast-3.compute.amazonaws.com
51.12.243.123,hwsrv-1268728.hostwindsdns.com
34.16.115.86,fcakbook.top
206.189.19.79,hwsrv-1287849.hostwindsdns.com
34.42.231.121,164.94.172.144.static.cloudzy.com
49.13.158.110,79.78.80.34.bc.googleusercontent.com
34.128.122.214,ref.wpk1.club
4.185.79.65,www.cchealthwv.com
91.121.39.151,ec2-52-199-160-140.ap-northeast-1.compute.amazonaws.com
140.143.167.218,cusamost.com
164.92.223.34,45.76.171.170.vultrusercontent.com
51.83.2.146,baiduapp.work
217.182.128.238,hwsrv-1248650.hostwindsdns.com
35.237.140.37,mscedc.top
34.38.195.43,cuteclothesforman.com
144.217.255.164,67.230.160.58.16clouds.com
185.202.239.236,jsmeme.com
147.182.156.86,automotive-chemical.com
104.248.105.64,yourfxadviser.finance
159.203.140.138,pnlubuntu.com
166.70.130.13,kayanp.com
41.175.29.98,www.kayanp.com
168.138.131.224,46-246-96-215.static.glesys.net
144.126.250.5,sanpchar.com
18.141.188.144,ntservicepack.org
5.189.175.162,ec2-3-65-35-171.eu-central-1.compute.amazonaws.com
144.22.192.165,odootech.mn
136.144.176.243,tomyo.odootech.mn
87.65.108.118,tractor.limited
109.123.243.148,presence.ru
3.101.74.141,kkb3388.net
13.235.238.220,qianxin.art
91.121.38.96,
52.208.80.113,
172.105.49.139,
82.157.47.242,
13.48.236.216,
47.236.37.103,
191.232.190.243,
139.59.44.192,
139.162.2.115,
47.245.40.75,
51.254.115.39,
188.245.224.184,
172.105.177.96,
185.13.148.50,
54.177.158.57,
141.100.234.123,
94.46.171.220,
52.190.60.170,
13.250.103.67,
144.22.207.61,
79.98.9.72,
82.165.110.142,
34.46.180.128,
13.113.193.173,
43.135.5.121,
15.236.5.186,
188.166.136.28,
150.95.83.81,
159.89.9.188,
35.232.52.240,
64.23.182.218,
43.240.113.10,
177.39.220.26,
46.247.134.249,
138.197.168.34,
34.128.83.161,
34.101.80.31,
103.5.51.110,
59.13.157.16,
121.36.195.178,
180.179.104.89,
122.8.152.116,
157.90.228.223,
66.11.18.140,
4.233.192.241,
139.59.99.99,
84.200.24.88,
45.226.189.64,
13.50.114.99,
103.148.110.43,
13.215.11.65,
157.245.218.19,
185.119.90.224,
20.174.1.50,
54.167.103.73,
20.216.46.144,
143.110.242.123,
85.195.88.85,
159.203.159.156,
165.227.204.99,
194.233.66.231,
194.163.190.200,
159.100.9.105,
154.221.24.194,
111.229.35.131,
141.94.246.124,
34.150.231.24,
74.225.184.81,
4.208.57.51,
3.64.231.136,
49.235.129.58,
104.197.169.239,
52.58.132.14,
109.70.130.180,
20.46.49.165,
177.234.144.240,
34.100.236.204,
54.226.119.204,
172.191.60.202,
45.143.167.79,
152.42.141.79,
117.72.56.12,
143.198.77.254,
18.221.111.255,
178.128.118.192,
108.62.118.134,
107.174.241.152,
52.29.87.239,
34.16.98.59,
164.90.216.69,
54.245.193.7,
20.243.80.179,
91.99.67.190,
35.156.170.65,
200.69.21.61,
18.158.246.3,
4.223.88.91,
121.37.181.150,
54.77.123.112,
54.152.181.164,
3.0.103.25,
129.150.44.162,
185.15.76.86,
34.46.137.110,
152.228.222.68,
18.169.186.31,
35.219.123.100,
46.250.248.90,
20.174.13.155,
18.223.184.179,
31.192.237.46,
193.9.249.186,
52.210.91.186,
16.171.171.2,
157.245.68.105,
20.1.228.243,
57.129.141.228,
85.143.249.12,
113.45.75.229,
35.215.196.4,
18.206.216.121,
18.192.233.224,
54.177.153.237,
193.46.243.62,
3.124.207.127,
128.199.172.144,
14.103.115.156,
119.18.55.118,
182.93.50.90,
120.28.197.159,
45.10.175.77,
45.148.10.240,
193.32.162.157,
45.157.150.160,
185.156.73.233,
103.23.198.86,
165.232.189.57,
41.58.186.132,
60.251.120.199,
82.223.139.119,
161.35.223.68,
157.245.108.244,
202.153.42.195,
81.71.37.141,
194.0.234.93,
190.171.189.85,
47.76.38.83,
114.10.47.109,
195.82.146.151,
43.242.247.141,
143.110.255.131,
155.4.23.54,
116.110.22.54,
59.3.76.218,
152.32.135.139,
36.137.249.148,
14.161.29.253,
193.32.162.146,
23.133.6.38,
171.251.30.1,
119.1.156.50,
113.142.56.236,
45.153.34.141,
154.53.165.98,
156.236.66.138,
104.163.181.184,
58.242.127.140,
187.45.100.0,
116.110.216.103,
101.36.119.98,
83.235.16.111,
189.8.108.39,
144.217.0.58,
82.65.43.136,
47.76.36.75,
57.129.47.203,
197.199.224.52,
103.171.85.42,
43.135.41.153,
172.190.89.127,
107.175.197.29,
83.168.107.171,
80.94.95.115,
80.94.95.116,
64.23.150.89,
109.110.40.142,
194.0.234.19,
138.68.81.80,
64.23.249.58,
176.28.14.206,
112.46.193.164,
222.90.10.248,
154.83.16.198,
80.94.95.112,
40.118.163.188,
34.84.140.165,
80.94.95.15,
27.128.160.131,
206.189.45.230,
163.53.168.23,
185.248.143.219,
121.229.5.171,
180.184.141.117,
116.98.162.184,
103.71.20.194,
125.20.16.22,
49.247.36.49,
185.93.89.118,
149.54.22.132,
123.124.132.50,
42.51.37.57,
146.190.154.85,
80.249.146.240,
112.96.228.158,
210.71.231.7,
83.220.168.234,
176.65.149.153,
180.74.195.122,
8.221.116.69,
221.122.65.71,
116.110.69.8,
185.156.73.234,
157.230.185.206,
217.182.200.127,
185.164.7.148,
101.91.192.9,
139.180.156.71,
47.104.175.29,
111.229.110.232,
47.100.168.4,
124.221.30.83,
124.70.219.41,
8.219.117.5,
47.245.97.19,
49.232.236.224,
171.22.117.79,
43.246.208.199,
108.61.182.238,
185.208.158.227,
121.37.134.174,
174.138.20.10,
38.181.56.185,
193.112.83.188,
124.223.62.183,
123.207.66.232,
106.75.224.31,
106.75.215.96,
124.221.64.229,
43.163.116.82,
106.53.44.15,
43.139.204.206,
103.215.48.93,
45.195.197.1,
49.232.230.33,
104.238.160.14,
49.232.29.245,
51.79.175.196,
52.140.245.31,
193.112.239.170,
120.25.208.106,
106.54.203.2,
103.233.8.46,
103.233.8.39,
140.143.132.170,
51.254.32.180,
45.61.150.76,
194.156.98.182,
43.143.114.43,
185.242.234.230,
34.169.71.114,
122.114.169.63,
74.48.223.225,
116.204.34.3,
143.198.85.165,
8.216.82.145,
175.178.14.147,
43.139.50.42,
81.71.246.202,
82.118.21.14,
45.159.48.160,
112.124.63.184,
1.94.183.238,
47.100.229.207,
45.76.193.0,
23.94.49.188,
118.89.201.210,
117.72.39.83,
47.242.233.164,
112.74.184.37,
101.42.175.89,
194.87.10.101,
81.71.246.118,
112.124.56.133,
148.66.2.197,
77.81.138.160,
139.180.196.38,
106.75.244.12,
192.3.39.153,
101.35.245.131,
38.147.173.160,
165.22.49.149,
144.172.101.106,
23.254.217.43,
52.248.41.253,
117.18.3.85,
154.204.35.230,
202.144.192.24,
180.76.104.43,
74.48.184.77,
81.71.248.131,
43.132.120.105,
66.42.54.125,
45.207.199.232,
49.233.182.30,
154.12.31.97,
116.205.99.19,
106.52.238.204,
193.149.187.88,
192.3.86.10,
107.148.32.140,
47.92.216.212,
154.204.35.248,
114.132.28.237,
101.133.148.66,
149.88.65.192,
45.204.207.223,
8.154.46.39,
119.8.102.96,
8.155.42.155,
209.182.238.91,
104.131.73.189,
107.172.217.220,
46.101.75.53,
45.77.31.210,
103.123.134.2,
124.223.181.207,
123.60.135.200,
43.199.81.35,
15.235.143.53,
43.155.9.13,
113.44.87.173,
110.41.174.6,
121.40.226.45,
134.175.158.94,
47.238.140.204,
134.175.254.250,
54.174.119.246,
81.71.248.53,
122.152.244.171,
206.119.179.86,
148.66.2.194,
45.197.2.55,
52.136.126.216,
43.152.228.208,
42.192.55.41,
115.233.60.197,
43.135.93.228,
101.201.82.2,
104.168.50.149,
176.120.75.250,
104.233.167.69,
43.198.191.130,
81.71.145.85,
45.207.49.191,
172.245.81.198,
104.168.135.70,
139.162.51.235,
146.59.17.67,
65.49.236.227,
162.14.124.73,
101.43.96.3,
34.217.193.47,
154.204.57.57,
23.224.99.78,
193.112.115.57,
38.165.22.149,
37.120.239.48,
121.40.87.143,
119.45.119.151,
121.40.96.207,
148.66.2.196,
1.14.227.210,
117.50.185.74,
103.161.35.171,
45.76.79.38,
43.160.207.33,
42.194.227.201,
101.34.60.206,
47.110.244.42,
119.91.56.217,
193.42.63.158,
39.99.157.149,
45.86.231.78,
45.67.35.57,
45.32.231.10,
148.66.2.195,
43.159.136.92,
103.19.50.79,
8.156.66.81,
20.212.245.180,
139.196.241.226,
103.96.73.15,
148.135.44.218,
159.89.55.140,
121.37.237.16,
44.211.71.67,
39.106.77.7,
185.87.150.205,
94.232.249.18,
23.224.99.76,
23.254.161.63,
81.71.246.176,
146.70.232.43,
113.45.177.81,
44.210.81.21,
47.100.87.118,
107.172.139.160,
82.156.1.217,
47.106.146.113,
107.173.127.60,
212.192.23.46,
137.175.17.181,
81.71.246.192,
113.45.144.207,
193.112.254.225,
46.30.189.8,
107.149.223.23,
123.249.20.20,
185.216.119.229,
144.172.92.144,
39.98.48.153,
39.100.106.36,
183.63.173.29,
43.135.129.113,
121.36.27.251,
23.224.99.77,
106.15.56.81,
82.156.188.16,
210.2.169.230,
23.239.28.33,
206.237.21.85,
51.15.15.47,
101.43.152.156,
150.109.109.38,
120.79.88.128,
124.222.161.70,
83.229.126.130,
38.207.178.18,
47.239.48.131,
47.121.141.245,
167.172.91.91,
81.71.246.243,
54.241.255.50,
45.195.197.3,
107.174.147.15,
45.195.197.2,
101.200.183.130,
137.175.17.92,
115.175.39.35,
111.231.145.137,
148.66.2.198,
47.115.217.178,
165.140.240.126,
45.76.70.6,
155.138.161.97,
175.178.0.105,
207.231.109.20,
45.77.253.60,
45.249.246.241,
116.198.230.246,
8.138.46.58,
182.92.200.229,
107.173.180.173,
103.152.254.27,
49.233.195.198,
154.8.233.224,
64.176.80.20,
45.192.100.195,
154.44.10.82,
206.237.5.19,
49.234.46.15,
110.40.176.51,
45.152.86.74,
43.163.107.212,
39.105.9.73,
1.95.148.173,
207.246.80.14,
118.25.94.61,
121.43.59.114,
149.28.131.88,
45.128.146.227,
182.161.38.30,
179.43.190.16,
148.135.16.223,
150.109.45.37,
103.140.238.111,
149.104.31.251,
172.105.7.218,
80.92.204.226,
38.54.112.234,
107.173.2.136,
178.128.214.74,
178.255.245.15,
23.224.99.75,
170.64.181.86,
129.204.5.98,
154.204.35.215,
123.58.212.97,
43.240.223.126,
119.45.167.31,
154.204.60.4,
111.230.18.219,
94.103.4.228,
47.115.53.175,
154.64.246.49,
23.224.99.74,
64.176.56.70,
167.172.80.227,
121.37.180.38,
118.26.39.237,
44.231.114.196,
154.201.74.112,
108.61.182.238,
35.81.156.253,
156.226.170.79,
5.78.60.104,
34.87.46.71,
43.252.230.33,
39.102.213.118,
154.26.215.88,
103.234.53.45,
44.207.236.7,
43.155.183.147,
74.48.175.22,
103.214.172.10,
154.8.233.224,
207.148.92.118,
43.134.118.235,
104.168.157.238,
107.178.254.84,
185.45.195.82,
52.33.199.95,
52.20.2.66,
8.219.53.12,
83.219.250.119,
159.223.86.108,
103.195.150.180,
52.37.224.200,
34.192.18.130,
45.32.38.174,
44.235.76.140,
13.213.179.72,
154.12.31.61,
100.26.80.176,
141.164.43.226,
34.210.116.192,
34.218.65.147,
77.90.13.105,
165.154.112.206,
146.70.232.43,
35.165.84.64,
192.3.86.49,
155.254.60.167,
45.76.162.211,
67.216.203.164,
1.12.249.202,
91.245.255.12,
34.212.151.138,
82.117.255.144,
144.172.84.89,
107.172.217.220,
206.237.5.19,
18.213.196.78,
144.34.165.185,
54.83.199.224,
54.213.72.87,
43.100.29.85,
192.210.206.196,
24.199.80.119,
52.41.26.127,
198.46.189.142,
104.194.151.34,
103.113.71.216,
35.83.62.186,
54.190.70.194,
140.82.18.48,
38.47.239.110,
52.205.76.75,
45.66.131.95,
38.225.209.53,
216.185.57.149,
107.172.139.160,
43.163.229.107,
34.208.253.206,
52.42.20.24,
54.200.47.15,
175.178.120.225,
44.240.48.217,
45.159.48.157,
192.3.98.27,
85.215.179.203,
198.46.217.168,
34.92.228.80,
172.86.80.180,
165.154.201.180,
193.221.95.6,
52.35.60.48,
3.73.216.132,
35.241.31.251,
172.86.93.77,
154.26.215.87,
188.245.193.187,
104.219.211.26,
108.171.193.215,
47.89.173.214,
52.1.47.73,
157.20.104.95,
18.208.17.202,
35.163.40.58,
43.139.145.242,
44.225.115.234,
103.131.189.36,
52.24.130.4,
35.81.62.147,
89.116.181.131,
50.16.2.216,
44.195.99.56,
52.43.183.251,
44.229.4.226,
3.70.120.62,
34.210.3.0,
52.42.6.27,
35.80.100.41,
34.214.193.139,
44.208.64.67,
81.181.111.41,
123.249.20.20,
80.66.196.119,
54.69.144.244,
35.80.198.211,
34.210.119.93,
35.83.83.115,
34.92.77.239,
54.200.42.77,
34.208.109.179,
198.46.226.210,
212.50.235.165,
52.88.37.198,
106.54.61.188,
104.168.253.136,
54.196.250.49,
107.175.115.91,
45.128.12.19,
35.83.35.164,
101.126.78.177,
154.26.215.86,
43.134.47.80,
129.28.40.248,
34.210.185.124,
172.245.145.193,
100.28.49.60,
8.210.34.3,
34.210.240.131,
139.162.113.206,
107.172.167.175,
52.4.228.214,
150.158.80.227,
52.36.99.189,
44.233.128.102,
192.210.162.35,
52.6.115.216,
156.245.28.64,
104.168.117.21,
54.163.41.41,
151.234.162.121,
110.42.45.117,
198.46.233.24,
110.41.185.80,
54.69.156.98,
44.242.5.190,
54.244.72.70,
52.89.107.144,
34.214.175.56,
54.218.96.87,
37.1.217.119,
3.225.134.74,
221.234.131.137,
47.243.26.247,
3.1.130.145,
154.90.49.173,
54.201.231.51,
34.208.123.242,
45.82.252.215,
47.92.75.211,
107.20.203.197,
107.189.15.80,
45.146.130.12,
45.130.86.11,
45.146.130.107,
181.119.160.58,
185.93.89.185,
31.43.185.4,
217.138.222.66,
143.244.60.88,
193.187.88.200,
130.185.255.230,
143.244.33.80,
84.17.37.57,
31.43.185.38,
185.93.89.130,
45.144.52.134,
92.63.197.79,
80.209.239.42,
92.63.197.78,
31.43.185.67,
185.104.186.210,
85.192.49.101,
185.93.89.25,
85.192.49.89,
82.221.113.209,
92.63.197.77,
185.104.187.66,
31.43.185.89,
88.119.167.41,
45.144.53.109,
45.146.130.106,
45.130.87.8,
92.63.197.80,
31.43.185.33,
178.17.172.98,
45.144.52.201,
85.192.49.120,
185.93.89.18,
65.49.1.24,
65.49.1.25,
199.45.154.158,
65.49.1.33,
65.49.1.36,
65.49.1.37,
65.49.1.26,
65.49.1.31,
65.49.1.28,
167.94.145.106,
218.60.58.18,
165.140.237.71,
116.98.167.97,
162.243.168.76,
210.245.152.40,
47.237.89.84,
162.157.117.92,
111.67.202.85,
112.185.143.63,
80.94.95.116,
95.82.152.241,
14.29.64.91,
47.76.93.80,
41.58.186.132,
176.65.148.10,
185.156.73.233,
70.54.182.130,
194.0.234.93,
157.66.219.41,
45.79.185.14,
14.103.115.80,
8.155.50.196,
210.245.152.52,
220.243.137.204,
43.242.247.141,
111.173.89.134,
152.32.129.136,
154.83.16.198,
176.65.148.52,
23.95.229.248,
94.179.109.66,
210.245.152.39,
203.217.124.134,
182.44.79.69,
210.245.152.50,
47.237.131.62,
36.249.48.23,
104.248.171.19,
80.94.95.15,
82.223.10.156,
190.167.82.173,
61.190.114.203,
210.175.228.154,
196.251.90.3,
221.122.65.71,
35.210.61.208,
193.32.162.157,
163.53.168.23,
154.53.165.98,
23.133.6.38,
106.36.198.78,
8.222.152.145,
195.82.146.151,
157.245.9.67,
210.71.231.7,
50.84.211.204,
221.221.138.78,
155.4.23.54,
34.76.2.67,
194.0.234.19,
176.65.149.153,
103.14.27.233,
202.99.252.139,
80.94.95.115,
125.124.178.223,
24.199.110.55,
116.110.217.96,
103.189.234.85,
185.255.91.39,
64.237.132.252,
165.232.189.57,
196.251.84.225,
43.154.195.142,
59.19.182.197,
113.31.103.19,
210.245.152.51,
196.0.120.211,
210.245.152.38,
137.184.11.175,
118.122.93.139,
117.72.121.188,
218.21.230.174,
115.151.72.7,
171.35.160.59,
51.75.160.52,
116.110.13.120,
64.227.6.12,
125.72.54.155,
118.122.147.195,
222.108.100.117,
39.109.126.152,
47.76.121.170,
107.189.11.181,
14.161.29.253,
190.187.80.50,
103.114.146.178,
104.244.77.50,
185.156.73.234,
51.222.30.51,
201.249.204.129,
187.137.198.19,
103.142.69.89,
81.19.135.219,
92.118.39.87,
58.18.97.75,
80.94.95.112,
103.146.202.84,
103.149.28.105,
16.163.161.107,
5.252.178.38,
38.60.203.129,
185.167.61.179,
185.167.62.10,
5.252.178.31,
64.176.80.33,
47.242.178.201,
103.51.144.19,
206.206.76.144,
91.240.65.5,
92.63.197.79,
185.93.89.185,
185.93.89.130,
45.146.130.12,
143.244.60.88,
185.156.174.178,
142.93.211.220,
89.187.160.146,
62.115.255.163,
193.187.88.194,
206.189.142.126,
92.63.197.80,
129.232.185.114,
213.248.112.37,
103.231.88.202,
193.187.91.20,
185.152.67.131,
88.119.167.41,
103.27.203.82,
45.148.7.2,
190.60.16.26,
200.110.153.22,
185.93.89.25,
185.206.227.180,
185.93.89.18,
45.146.130.106,
45.146.130.107,
128.1.160.146,
45.252.191.33,
172.245.13.114,
31.43.185.4,
143.244.63.95,
45.144.53.109,
130.185.85.106,
31.43.185.38,
45.130.86.9,
82.102.30.18,
129.227.153.234,
31.43.185.89,
45.144.52.134,
193.37.253.202,
85.192.49.101,
45.130.86.2,
103.108.95.138,
92.63.197.78,
82.102.30.130,
138.199.2.51,
210.2.64.3,
130.185.255.230,
200.73.18.40,
82.221.113.209,
85.192.49.89,
103.231.89.218,
31.43.185.33,
45.144.52.201,
85.192.49.120,
85.10.56.126,
45.162.230.58,
80.248.243.202,
181.119.160.58,
87.101.92.130,
185.9.19.90,
31.43.185.67,
92.63.197.77,
31.43.185.40,
65.49.1.150,
91.196.152.131,
205.210.31.215,
65.49.1.147,
195.184.76.253,
45.33.80.243,
65.49.1.149,
205.210.31.2,
65.49.1.143,
134.209.173.54,
65.49.1.145,
65.49.1.144,
124.225.163.202,
170.233.185.251,
43.135.41.153,
218.23.170.184,
103.103.245.111,
190.187.80.50,
165.232.189.57,
14.161.29.253,
210.71.231.7,
161.35.191.111,
101.126.91.34,
45.61.161.218,
185.93.89.118,
103.61.44.100,
41.82.44.94,
201.249.204.129,
159.65.145.112,
73.98.90.170,
62.210.131.177,
92.118.39.87,
20.185.243.158,
115.190.9.143,
85.208.253.156,
23.133.6.38,
116.110.70.204,
116.105.208.112,
80.94.95.112,
93.123.16.63,
91.92.199.36,
152.32.185.214,
14.103.170.169,
196.251.83.139,
158.174.211.17,
81.19.135.219,
221.226.17.34,
220.181.77.166,
45.194.37.246,
80.94.95.15,
104.214.117.63,
220.248.35.196,
87.26.244.155,
5.182.33.179,
195.82.146.151,
116.98.161.178,
176.65.148.10,
65.254.93.230,
103.117.141.133,
87.120.186.171,
164.92.85.77,
103.229.54.148,
96.78.175.36,
121.185.0.40,
186.103.169.12,
186.23.212.206,
103.172.204.136,
23.163.8.30,
196.251.84.225,
176.65.148.55,
147.91.199.37,
211.139.209.38,
103.117.56.152,
146.196.64.67,
5.119.11.18,
154.53.165.98,
174.138.116.10,
176.65.149.153,
193.32.162.157,
188.166.205.148,
217.182.141.142,
47.83.134.97,
37.59.108.112,
78.128.112.209,
101.126.149.119,
161.35.239.147,
111.229.202.115,
121.36.198.211,
159.203.143.205,
20.188.119.195,
188.166.174.146,
20.124.80.116,
165.22.248.142,
23.227.199.118,
143.244.181.199,
138.197.32.49,
37.72.168.146,
88.119.169.53,
96.126.124.158,
185.177.59.217,
91.92.128.17,
5.252.177.110,
185.14.30.133,
31.130.148.231,
31.220.44.127,
137.184.30.0,
85.215.173.244,
83.238.212.60,
166.108.207.55,
3.71.71.121,
169.150.155.228,
139.64.172.67,
137.184.96.202,
45.82.152.218,
161.97.138.238,
52.230.23.114,
166.88.225.91,
43.163.90.110,
164.90.154.150,
110.43.122.248,
77.73.129.82,
143.198.70.94,
103.214.157.231,
20.55.64.14,
45.66.157.21,
116.181.1.54,
198.46.228.233,
45.132.245.196,
84.247.137.218,
111.31.93.136,
174.138.103.46,
52.34.13.176,
145.131.8.169,
47.83.219.200,
138.197.163.42,
164.90.166.202,
194.171.96.118,
78.142.230.219,
164.90.158.199,
149.104.26.229,
161.35.246.140,
20.162.58.23,
139.59.64.52,
192.227.227.198,
74.235.82.223,
37.60.254.174,
64.23.209.98,
150.5.174.231,
34.31.178.96,
77.223.100.85,
50.116.22.186,
107.172.102.50,
24.199.122.155,
18.234.143.128,
64.226.108.63,
157.245.146.223,
44.206.190.76,
120.26.232.58,
209.38.162.253,
34.176.10.48,
34.165.170.59,
103.30.76.254,
159.203.142.209,
139.59.181.253,
3.149.28.193,
3.133.131.110,
162.55.40.7,
180.149.37.61,
3.145.49.56,
64.227.134.175,
34.102.141.90,
13.40.135.17,
52.175.34.208,
91.84.97.238,
34.117.219.134,
209.141.52.16,
162.248.102.237,
3.107.174.254,
164.92.155.174,
34.118.177.200,
185.254.198.245,
144.76.245.44,
18.134.8.10,
140.82.30.66,
34.54.134.113,
197.224.232.255,
52.232.197.207,
88.80.145.250,
8.219.69.133,
166.88.95.137,
20.120.225.17,
34.60.182.67,
34.160.83.71,
194.164.194.149,
46.101.210.236,
134.199.163.239,
192.24.224.215,
209.141.60.209,
194.102.180.136,
43.200.42.167,
161.132.51.146,
144.172.93.173,
73.213.108.128,
102.117.162.146,
143.110.183.41,
116.203.56.37,
51.15.224.30,
34.67.211.6,
146.190.69.218,
172.232.123.136,
52.59.225.23,
52.53.207.84,
45.149.172.87,
89.147.108.143,
3.16.25.250,
159.223.0.196,
24.199.120.164,
44.222.186.172,
18.237.245.78,
196.251.80.110,
54.87.126.203,
204.48.27.82,
35.223.116.186,
172.105.27.15,
155.138.146.111,
68.183.219.50,
3.227.184.192,
47.57.181.195,
18.224.212.17,
103.43.75.230,
51.158.120.162,
193.123.117.55,
143.110.151.209,
52.173.131.28,
43.246.208.241,
68.183.193.39,
146.70.158.198,
192.210.203.236,
8.130.24.188,
144.172.110.133,
167.71.13.103,
172.235.173.15,
144.208.127.129,
35.232.227.133,
43.163.196.208,
95.111.238.110,
185.213.22.67,
85.209.156.6,
35.212.172.98,
179.43.172.53,
138.197.143.1,
103.233.8.39,
87.248.130.101,
146.185.159.140,
46.101.140.228,
101.201.106.213,
89.187.25.26,
64.226.101.105,
188.166.147.93,
103.233.8.46,
194.233.73.173,
212.11.64.175,
164.92.151.99,
137.184.150.148,
161.35.40.73,
124.158.5.149,
198.23.164.164,
107.172.29.162,
85.215.44.146,
146.190.17.255,
159.65.83.96,
20.206.138.78,
43.156.94.188,
14.225.207.73,
8.210.248.241,
137.184.190.241,
38.207.177.166,
196.251.83.124,
135.220.19.84,
62.146.169.174,
185.254.198.90,
47.110.63.174,
144.172.96.208,
8.220.195.197,
178.128.48.87,
5.180.148.33,
173.249.24.35,
138.197.14.247,
34.87.122.145,
185.195.67.168,
159.223.234.164,
23.97.56.187,
137.184.126.213,
38.180.62.25,
143.198.136.6,
36.212.254.213,
51.210.241.127,
170.64.176.152,
37.27.243.83,
38.147.185.33,
45.148.31.48,
185.234.247.119,
164.90.149.21,
172.235.16.243,
45.149.92.78,
185.14.31.2,
94.159.113.15,
82.147.85.23,
49.13.137.223,
154.31.217.203,
46.30.188.58,
162.245.188.151,
159.100.9.105,
62.109.22.162,
188.208.197.80,
185.196.8.7,
94.103.4.228,
185.125.218.138,
45.178.180.232,
15.204.95.187,
198.58.116.254,
185.246.189.173,
113.45.75.45,
206.119.167.171,
82.153.79.9,
45.94.31.85,
172.235.135.120,
47.93.135.155,
23.95.61.136,
107.158.128.43,
149.28.108.61,
104.238.135.196,
185.117.72.249,
156.224.78.123,
167.99.51.2,
45.33.88.161,
152.228.174.215,
103.150.93.154,
157.230.225.92,
104.193.69.140,
173.255.226.84,
172.234.244.49,
91.107.227.11,
24.137.215.163,
162.120.71.38,
190.14.37.132,
80.78.30.127,
94.26.249.2,
15.235.197.180,
172.235.37.27,
156.245.13.36,
178.128.84.59,
156.244.46.77,
91.231.186.41,
158.247.218.220,
172.86.106.62,
93.113.25.219,
89.111.173.134,
64.227.174.56,
152.110.29.174,
156.245.13.101,
139.84.172.231,
192.99.44.12,
109.91.159.213,
156.245.27.190,
91.103.140.247,
185.17.3.70,
212.113.112.126,
57.128.219.114,
96.9.124.125,
15.235.166.83,
24.199.73.199,
109.248.6.228,
144.202.86.212,
45.8.146.45,
165.22.212.253,
209.200.252.75,
82.29.71.164,
38.76.247.230,
167.99.105.30,
148.113.182.51,
172.245.133.15,
206.206.78.238,
23.94.99.26,
8.218.138.77,
143.198.1.58,
146.190.113.131,
47.120.46.210,
157.245.121.29,
143.198.249.246,
8.210.236.220,
43.134.67.236,
47.109.65.22,
47.99.127.62,
165.227.204.151,
142.202.82.250,
23.227.199.96,
35.92.206.30,
8.217.145.90,
8.217.245.162,
164.92.186.156,
165.22.37.20,
212.11.64.49,
188.211.233.111,
45.55.98.63,
161.35.151.71,
24.199.76.180,
24.144.82.16,
141.95.172.125,
159.89.17.182,
165.227.221.223,
23.227.199.95,
195.82.147.40,
84.252.94.179,
154.62.226.187,
165.227.47.240,
170.187.136.83,
84.247.172.149,
192.227.249.119,
77.110.105.214,
196.251.85.209,
209.38.31.142,
182.92.159.149,
34.122.21.68,
113.45.177.81,
64.23.159.3,
151.115.54.25,
18.162.82.100,
103.30.76.254,
96.9.124.184,
23.106.143.84,
150.109.63.104,
196.251.116.232,
193.142.147.51,
92.60.77.87,
43.135.9.55,
159.223.205.104,
212.11.64.225,
212.56.32.90,
149.154.68.20,
164.92.112.82,
89.110.97.72,
104.248.249.135,
208.85.18.159,
158.160.140.95,
51.79.255.203,
203.18.30.213,
78.141.215.160,
46.101.169.156,
192.210.201.119,
45.61.159.18,
45.12.151.19,
167.71.184.214,
115.159.152.161,
185.245.43.134,
160.202.232.242,
167.71.27.117,
45.38.42.187,
139.162.13.178,
159.223.233.165,
119.28.116.34,
45.195.197.1,
43.139.207.11,
39.107.90.187,
101.226.8.163,
47.116.208.81,
210.114.11.173,
83.229.122.83,
179.43.139.125,
8.140.28.177,
103.171.35.26,
45.192.98.219,
43.138.0.179,
8.216.80.229,
47.106.229.212,
8.219.163.113,
47.92.108.149,
43.153.222.28,
112.124.71.123,
8.138.119.70,
152.32.202.240,
120.27.235.78,
47.96.13.97,
123.60.83.46,
8.137.114.210,
60.205.183.232,
113.44.87.199,
123.57.239.178,
158.247.193.230,
113.44.77.164,
107.175.75.19,
27.106.125.187,
62.234.11.61,
77.110.98.230,
46.101.75.53,
185.36.145.226,
115.120.250.85,
148.66.22.195,
148.66.22.197,
164.92.165.122,
8.148.20.113,
101.32.126.38,
47.108.182.192,
20.119.80.107,
150.158.108.220,
8.156.75.17,
60.204.152.14,
107.172.86.55,
39.105.31.193,
39.98.48.153,
82.156.145.11,
194.32.142.85,
182.92.118.224,
5.101.50.63,
62.113.61.203,
45.76.181.107,
101.35.228.105,
124.71.144.164,
45.195.197.2,
185.130.249.116,
152.32.150.104,
111.229.17.56,
47.103.30.90,
166.108.200.194,
47.76.71.246,
43.139.124.56,
169.239.129.45,
45.32.36.91,
167.71.27.117,
185.227.152.100,
80.92.204.226,
185.239.85.137,
123.249.20.20,
156.238.225.81,
16.171.233.214,
13.60.219.152,
56.155.113.108,
18.230.85.78,
162.55.91.224,
51.20.80.244,
92.204.173.24,
186.17.213.66,
188.214.128.130,
89.149.211.111,
79.143.87.222,
193.36.84.28,
74.175.81.231,
212.92.23.152,
206.55.84.201,
139.0.15.189,
217.114.222.12,
213.252.246.56,
109.248.6.246,
20.51.209.18,
94.26.249.112,
45.227.254.4,
46.101.95.235,
139.59.59.97,
45.79.198.18,
135.181.51.171,
194.233.90.144,
27.106.111.53,
38.47.93.43,
45.66.248.70,
202.112.238.106,
193.29.56.122,
185.197.251.134,
5.249.145.51,
167.172.145.51,
146.185.166.202,
43.240.223.126,
88.119.167.205,
202.154.57.243,
162.243.22.15,
156.244.7.169,
209.10.188.204,
62.106.66.166,
146.190.51.91,
45.155.126.134,
5.44.240.151,
165.227.136.106,
209.195.169.238,
77.246.99.16,
104.168.112.240,
152.42.244.138,
103.234.16.100,
62.84.102.124,
103.250.186.160,
145.249.109.9,
45.8.148.165,
63.210.148.42,
77.88.193.133,
83.168.110.172,
217.114.222.10,
114.130.28.73,
154.49.3.5,
207.244.239.105,
195.154.241.13,
173.212.214.79,
144.126.132.108,
45.63.86.203,
88.119.170.212,
45.63.99.50,
45.61.138.9,
138.197.18.115,
120.237.147.54,
31.207.45.151,
176.96.227.21,
35.152.106.127,
13.38.75.194,
34.224.27.58,
104.237.240.112,
109.172.90.162,
159.100.19.139,
103.108.41.90,
103.108.41.91,
38.242.144.116,
147.182.187.72,
64.255.203.222,
203.171.25.30,
118.82.6.182,
103.53.170.120,
13.211.155.38,
54.180.141.85,
54.75.213.57,
15.185.106.61,
47.129.156.89,
157.175.53.125,
15.168.7.50,
18.130.189.33,
51.94.165.211,
51.92.90.31,
18.230.226.189,
13.230.187.56,
43.198.111.115,
34.219.52.112,
35.183.210.55,
40.172.101.224,
20.58.137.251,
34.216.237.116,
3.28.226.166,
35.88.148.140,
34.244.63.39,
34.222.144.138,
18.162.194.226,
13.53.37.238,
3.253.160.60,
201.230.41.11,
43.201.53.69,
3.72.74.58,
16.50.111.15,
43.216.250.14,
43.198.245.20,
217.76.49.39,
167.71.217.125,
3.72.35.173,
3.29.230.229,
157.175.51.247,
13.247.111.197,
13.208.193.168,
35.72.8.166,
108.137.67.255,
56.155.26.157,
18.197.190.138,
43.218.79.175,
88.214.25.246,
40.192.39.229,
13.235.100.8,
35.178.51.4,
3.27.48.116,
16.163.94.221,
51.112.51.255,
13.232.63.188,
18.167.173.121,
18.170.59.252,
195.206.234.10,
193.176.158.190,
154.222.24.62,
88.214.25.251,
54.215.245.124,
122.10.20.211,
122.10.12.164,
54.242.229.137,
15.236.37.230,
43.203.253.13,
3.28.43.174,
52.206.75.14,
18.188.91.191,
13.245.198.19,
56.124.106.36,
15.152.46.199,
85.239.54.208,
13.247.66.80,
3.249.3.221,
98.130.45.194,
108.136.227.144,
13.247.66.127,
52.53.200.253,
3.35.219.188,
13.246.201.197,
3.29.21.217,
15.237.26.114,
154.222.24.162,
51.17.64.106,
51.16.43.197,
3.70.177.216,
15.168.12.173,
3.28.131.47,
13.60.8.177,
52.66.196.86,
3.12.74.34,
54.238.101.219,
18.162.97.243,
18.230.20.71,
45.61.165.228,
15.228.221.108,
54.90.144.239,
54.246.248.51,
3.125.47.238,
16.78.219.6,
18.61.229.213,
54.151.108.32,
34.217.108.18,
35.182.125.178,
40.172.88.210,
3.96.152.84,
3.80.51.67,
35.183.105.70,
82.180.146.166,
176.108.251.171,
54.252.254.167,
45.125.67.147,
3.133.119.136,
13.232.25.62,
51.20.94.111,
43.198.226.47,
34.217.77.38,
54.155.228.106,
54.206.116.119,
15.152.34.235,
18.167.59.176,
16.163.95.34,
13.208.190.174,
18.228.156.142,
3.26.239.209,
3.25.96.94,
18.231.9.22,
51.17.92.239,
112.74.127.232,
51.44.167.118,
13.239.43.189,
35.91.150.255,
13.244.62.158,
56.155.3.150,
15.165.18.26,
15.157.58.95,
52.12.95.162,
3.36.100.218,
13.211.80.127,
51.17.183.5,
46.29.2.167,
31.43.185.67,
45.144.52.134,
31.43.185.89,
45.144.52.201,
45.146.130.12,
88.119.167.41,
128.1.160.146,
85.192.49.89,
85.192.49.101,
192.210.199.34,
92.63.197.78,
185.93.89.25,
45.146.130.106,
92.63.197.77,
85.192.49.120,
92.63.197.80,
23.248.172.86,
185.93.89.185,
31.43.185.33,
31.43.185.38,
185.93.89.130,
31.43.185.4,
45.144.53.109,
185.104.187.66,
92.63.197.79,
45.146.130.107,
185.93.89.18,
206.168.34.212,
198.235.24.47,
64.62.197.110,
212.73.134.91,
152.32.216.28,
91.231.89.0,
198.235.24.104,
91.231.89.107,
64.62.197.116,
91.231.89.208,
64.62.197.114,
91.231.89.214,
143.244.181.199,
171.22.16.88,
64.62.197.117,
64.62.197.120,
64.62.197.108,
91.196.152.127,
64.62.197.118,
64.62.197.113,
167.94.146.56,
135.237.125.122,
139.59.10.44,
36.110.106.149,
46.8.78.151,
80.94.95.15,
185.239.84.123,
104.244.77.50,
218.84.168.131,
103.171.91.12,
111.170.163.42,
193.32.162.146,
36.134.147.79,
14.161.29.253,
94.182.149.39,
34.78.207.216,
91.107.242.184,
154.53.165.98,
196.251.84.225,
222.243.96.6,
37.60.236.68,
14.103.123.65,
196.251.90.3,
51.83.98.100,
103.153.93.236,
193.200.173.75,
81.19.135.219,
178.62.104.32,
14.225.206.98,
117.50.226.30,
38.143.58.108,
159.65.218.80,
101.126.30.126,
14.29.129.250,
152.32.188.56,
92.118.39.87,
146.196.64.67,
51.75.27.218,
176.65.148.199,
80.94.95.112,
195.82.146.151,
152.42.143.42,
185.255.91.243,
2.229.29.110,
5.182.33.179,
128.199.250.152,
90.154.46.138,
95.167.133.86,
220.248.35.196,
187.49.152.14,
180.253.177.101,
2.187.255.5,
92.253.9.146,
204.44.127.231,
211.95.135.58,
101.36.119.50,
103.172.205.172,
178.208.126.156,
156.236.73.50,
193.32.162.157,
188.166.169.185,
111.198.137.5,
165.232.189.57,
177.157.204.82,
45.148.96.231,
106.36.198.78,
111.173.89.134,
92.118.39.95,
103.171.85.124,
154.83.15.200,
92.118.39.71,
195.190.104.66,
154.221.23.24,
101.126.88.203,
43.100.27.142,
35.241.119.0,
104.168.134.112,
23.254.202.110,
18.118.253.138,
43.100.27.141,
103.99.133.24,
210.34.80.112,
4.233.108.232,
51.79.207.53,
109.248.161.123,
43.100.18.178,
1.14.66.160,
82.117.255.144,
16.78.93.240,
142.11.227.195,
47.243.107.63,
104.168.159.60,
144.172.94.164,
34.80.78.79,
210.56.48.17,
52.199.160.140,
45.76.171.170,
198.44.186.73,
4.198.144.209,
192.236.199.37,
94.131.121.7,
67.230.160.58,
4.178.189.93,
193.142.58.122,
123.56.5.210,
46.246.96.215,
185.159.128.117,
120.53.143.251,
31.15.17.230,
3.65.35.171,
143.198.223.4,
162.254.32.157,
167.172.40.19,
159.203.111.219,
47.86.98.10,
192.253.231.230,
157.230.20.98,
184.174.97.202,
45.227.253.50,
13.59.118.129,
47.79.2.30,
185.196.10.242,
143.110.159.73,
47.237.202.96,
165.227.163.243,
193.24.211.238,
161.35.238.129,
192.3.173.102,
45.227.253.10,
20.188.6.28,
8.217.196.192,
45.192.98.213,
60.204.234.238,
89.208.231.155,
91.84.111.219,
152.32.239.207,
151.236.22.137,
3.255.173.2,
193.143.1.244,
3.27.191.92,
34.244.7.74,
